{"0": 0.57, "1": 0.8787878787878788, "2": 0.87, "3": 0.74, "4": 0.9, "5": 0.6451612903225806, "6": 0.9375, "7": 0.9270833333333334, "8": 0.4939759036144578, "9": 0.83}