{"0": 0.7, "1": 0.42424242424242425, "2": 0.86, "3": 0.77, "4": 0.7, "5": 0.7634408602150538, "6": 0.96875, "7": 0.9166666666666666, "8": 0.5421686746987951, "9": 0.96}