{"0": 0.63, "1": 0.9393939393939394, "2": 0.78, "3": 0.77, "4": 0.86, "5": 0.5913978494623656, "6": 0.875, "7": 1.0, "8": 0.5301204819277109, "9": 0.83}