Wall time,Step,Value
1571055779.2335114,782,1.313938856124878
1571055791.5246823,1564,1.0972288846969604
1571055803.1735156,2346,0.9459835290908813
1571055815.5132086,3128,0.9883274435997009
1571055827.6746585,3910,1.2108131647109985
1571055839.0684395,4692,1.3127822875976562
1571055851.1984458,5474,1.4495368003845215
1571055863.7098901,6256,1.5829297304153442
1571055875.7782161,7038,1.6678485870361328
1571055889.7252448,7820,1.72908616065979
