Wall time,Step,Value
1571055255.7137873,782,1.538574457168579
1571055271.2325041,1564,1.314334511756897
1571055287.6900053,2346,1.2412762641906738
1571055305.5096073,3128,1.1359679698944092
1571055322.6184294,3910,1.1060197353363037
1571055341.6081774,4692,1.074004888534546
1571055360.335768,5474,1.0490115880966187
1571055378.4235675,6256,1.0277390480041504
1571055397.4772139,7038,0.9896824955940247
1571055415.6697075,7820,1.0646246671676636
